USE [Fynbus]
GO

SET IDENTITY_INSERT [dbo].[Users] ON
INSERT INTO [dbo].[Users] ([ID], [Account], [Password], [Email], [UsersAccessLevels]) VALUES (0, N'testAcc', N'testPass', N'mlpmkchm.nkms@cbloyw.com', 1)
INSERT INTO [dbo].[Users] ([ID], [Account], [Password], [Email], [UsersAccessLevels]) VALUES (1, N'QOD33066', N'1J1S5T5CR2P42VUOR7JSA7CQKJGQ9LTVGMCIHVNIGVZM9', N'exklqnpd185@nmcxvcrt.qodzu-.org', 2)
INSERT INTO [dbo].[Users] ([ID], [Account], [Password], [Email], [UsersAccessLevels]) VALUES (2, N'CEK86116', N'9INDB', N'zlimsw.jjhlobg@ybvz.amdtta.com', 0)
INSERT INTO [dbo].[Users] ([ID], [Account], [Password], [Email], [UsersAccessLevels]) VALUES (3, N'COY72354', N'5XTU6B8MDF259TNFJC6WK0BE7PHO9X2WALPJTIB', N'jcxox7@gklsjh.org', 2)
INSERT INTO [dbo].[Users] ([ID], [Account], [Password], [Email], [UsersAccessLevels]) VALUES (4, N'QAK31626', N'M051TTDF8UZA6EN5LEMHUJCFC6VO43L1109JVALEC1', N'ibewyi.kviycudt@nzedkccl.ndhcvp.org', 2)
INSERT INTO [dbo].[Users] ([ID], [Account], [Password], [Email], [UsersAccessLevels]) VALUES (5, N'HOG38586', N'FYRPVYKYFVTC3OPOMYOB58X96539', N'hlmep.sxkxnmi@duckdr.org', 0)
INSERT INTO [dbo].[Users] ([ID], [Account], [Password], [Email], [UsersAccessLevels]) VALUES (6, N'PIT76807', N'S85S3XHLH0QJ5657O6V5LZFNQA60HJPVAM', N'mtceb.iyavhnb@plmrex.org', 1)
INSERT INTO [dbo].[Users] ([ID], [Account], [Password], [Email], [UsersAccessLevels]) VALUES (7, N'VUT01570', N'NOJZQ725YYR01S2IZ7', N'lqybmsp.srvwjqex@llkecv.org', 2)
INSERT INTO [dbo].[Users] ([ID], [Account], [Password], [Email], [UsersAccessLevels]) VALUES (8, N'HAH81463', N'PTSI2TQH3XAV9IJHJ465XIUHOY947F1QN6WTV5H6ZQZ7N', N'sejp.wtlumv@gxujcef.hupipt.org', 1)
INSERT INTO [dbo].[Users] ([ID], [Account], [Password], [Email], [UsersAccessLevels]) VALUES (9, N'NUZ20496', N'IHHAJDS266YAT3JL9OWJ72LQMDM057JNTLGRMXVNXL0QVK', N'vfjwwk010@kksiaf.com', 1)
INSERT INTO [dbo].[Users] ([ID], [Account], [Password], [Email], [UsersAccessLevels]) VALUES (10, N'XUY51944', N'DMEHAA4WFWRO6QSWYNBH8NRYCS8LL2VV1', N'ttypxwo.cctayglio@rgydop.net', 2)
INSERT INTO [dbo].[Users] ([ID], [Account], [Password], [Email], [UsersAccessLevels]) VALUES (11, N'CAP31587', N'9DRP8CPO1VV8PX5O12J33QUF5I1IAC0WN5HE59EZSJMW333BG', N'xzonmab29@dwayxd.com', 0)
INSERT INTO [dbo].[Users] ([ID], [Account], [Password], [Email], [UsersAccessLevels]) VALUES (12, N'DEW45228', N'1SBY', N'hamkqslu.hyebgnogzx@boglmk.net', 0)
INSERT INTO [dbo].[Users] ([ID], [Account], [Password], [Email], [UsersAccessLevels]) VALUES (13, N'RAT05508', N'IJCK', N'rmlgpzb@srgspg.pnjqdo.com', 2)
INSERT INTO [dbo].[Users] ([ID], [Account], [Password], [Email], [UsersAccessLevels]) VALUES (14, N'BIZ05673', N'A6EOUYLJFQJSO', N'yydegaw.vmymhllk@bhvwre.com', 1)
INSERT INTO [dbo].[Users] ([ID], [Account], [Password], [Email], [UsersAccessLevels]) VALUES (15, N'NIK41008', N'BK4YB1FP1DB8KO8ZVTONOL', N'iwah.iada@pvcxxb.org', 1)
INSERT INTO [dbo].[Users] ([ID], [Account], [Password], [Email], [UsersAccessLevels]) VALUES (16, N'KOJ31179', N'Y14IJWQE83RNDDK0IBK51CMDWBGVP31UPF6X6JVTBZ3', N'icygn91@zweoshn.bdfhkt.com', 0)
INSERT INTO [dbo].[Users] ([ID], [Account], [Password], [Email], [UsersAccessLevels]) VALUES (17, N'GER90413', N'S1VLBT6B4G3LFQL7FVO52WXY7MTYFQT28HLUFVJWXPQ9', N'hfyzo.ngxuu@iyaorf.com', 2)
INSERT INTO [dbo].[Users] ([ID], [Account], [Password], [Email], [UsersAccessLevels]) VALUES (18, N'YOB14615', N'KIFYNDGAY1V4XDOZ7VDM1DX5QRKBS7D6NM', N'lpjngmb.mypated@cqgums.net', 0)
INSERT INTO [dbo].[Users] ([ID], [Account], [Password], [Email], [UsersAccessLevels]) VALUES (19, N'CEQ82898', N'4E0RDDRAFPPIHVXPTD', N'uihwcj@papflm.com', 2)
SET IDENTITY_INSERT [dbo].[Users] OFF
GO

SET IDENTITY_INSERT [dbo].[HomeWagon] ON
INSERT INTO [dbo].[HomeWagon] ([ID], [StreetName], [StreetNumber], [ZipCode], [City], [Municipality]) VALUES (0, N'NicoleMOP', 24072, 1000, N'Jackson', N'Dunkeld')
INSERT INTO [dbo].[HomeWagon] ([ID], [StreetName], [StreetNumber], [ZipCode], [City], [Municipality]) VALUES (1, N'PabloETB', 28338, 1050, N'Cincinnati', N'Rhyl')
INSERT INTO [dbo].[HomeWagon] ([ID], [StreetName], [StreetNumber], [ZipCode], [City], [Municipality]) VALUES (2, N'DesireeDJF', 30464, 1100, N'Tucson', N'Anstruther')
INSERT INTO [dbo].[HomeWagon] ([ID], [StreetName], [StreetNumber], [ZipCode], [City], [Municipality]) VALUES (3, N'ChadwickNGN', 18042, 1150, N'Fremont', N'Castle Cary')
INSERT INTO [dbo].[HomeWagon] ([ID], [StreetName], [StreetNumber], [ZipCode], [City], [Municipality]) VALUES (4, N'DaphneXPF', 14103, 1200, N'Tucson', N'Sedbergh')
INSERT INTO [dbo].[HomeWagon] ([ID], [StreetName], [StreetNumber], [ZipCode], [City], [Municipality]) VALUES (5, N'SonyaPAB', 5834, 1250, N'Columbus', N'Sidcup')
INSERT INTO [dbo].[HomeWagon] ([ID], [StreetName], [StreetNumber], [ZipCode], [City], [Municipality]) VALUES (6, N'KatinaSDG', 20060, 1300, N'Buffalo', N'Westcliff-on-Sea')
INSERT INTO [dbo].[HomeWagon] ([ID], [StreetName], [StreetNumber], [ZipCode], [City], [Municipality]) VALUES (7, N'KariCDF', 5583, 1350, N'Memphis', N'Norwich')
INSERT INTO [dbo].[HomeWagon] ([ID], [StreetName], [StreetNumber], [ZipCode], [City], [Municipality]) VALUES (8, N'SethMAD', 29847, 1400, N'Columbus', N'Dingwall')
INSERT INTO [dbo].[HomeWagon] ([ID], [StreetName], [StreetNumber], [ZipCode], [City], [Municipality]) VALUES (9, N'BernardCYP', 20065, 1450, N'Charlotte', N'Port Talbot')
INSERT INTO [dbo].[HomeWagon] ([ID], [StreetName], [StreetNumber], [ZipCode], [City], [Municipality]) VALUES (10, N'DevonHKD', 5814, 1500, N'Corpus Christi', N'Gretna')
INSERT INTO [dbo].[HomeWagon] ([ID], [StreetName], [StreetNumber], [ZipCode], [City], [Municipality]) VALUES (11, N'JanetBRL', 15740, 1550, N'Philadelphia', N'St Agnes')
INSERT INTO [dbo].[HomeWagon] ([ID], [StreetName], [StreetNumber], [ZipCode], [City], [Municipality]) VALUES (12, N'JoseSAR', 31373, 1600, N'Tucson', N'Alston')
INSERT INTO [dbo].[HomeWagon] ([ID], [StreetName], [StreetNumber], [ZipCode], [City], [Municipality]) VALUES (13, N'JoshuaSTD', 8239, 1650, N'Oklahoma', N'South Shields')
INSERT INTO [dbo].[HomeWagon] ([ID], [StreetName], [StreetNumber], [ZipCode], [City], [Municipality]) VALUES (14, N'CassandraMKD', 5023, 1700, N'Tampa', N'Crickhowell')
INSERT INTO [dbo].[HomeWagon] ([ID], [StreetName], [StreetNumber], [ZipCode], [City], [Municipality]) VALUES (15, N'MarlonLKR', 25847, 1750, N'Houston', N'Newton le Willows')
INSERT INTO [dbo].[HomeWagon] ([ID], [StreetName], [StreetNumber], [ZipCode], [City], [Municipality]) VALUES (16, N'KarlPLN', 4941, 1800, N'Arlington', N'Hayle')
INSERT INTO [dbo].[HomeWagon] ([ID], [StreetName], [StreetNumber], [ZipCode], [City], [Municipality]) VALUES (17, N'ShariCOP', 3757, 1850, N'Charlotte', N'Winchester')
INSERT INTO [dbo].[HomeWagon] ([ID], [StreetName], [StreetNumber], [ZipCode], [City], [Municipality]) VALUES (18, N'GabrielVND', 14791, 1900, N'Buffalo', N'Leominster')
INSERT INTO [dbo].[HomeWagon] ([ID], [StreetName], [StreetNumber], [ZipCode], [City], [Municipality]) VALUES (19, N'JudyXOF', 19228, 1950, N'Atlanta', N'Ripley')
SET IDENTITY_INSERT [dbo].[HomeWagon] OFF
GO

SET IDENTITY_INSERT [dbo].[WagonDetails] ON
INSERT INTO [dbo].[WagonDetails] ([ID], [Guarantee], [RegistrationLetters], [RegistrationNumbers], [PhoneNumber], [VehicleType], [StairMachine], [Highchairs], [HomeWagon], [OwnedBy]) VALUES (0, 0, N'PK', 13435, 60453697, 0, 160, 0, 16, 1)
INSERT INTO [dbo].[WagonDetails] ([ID], [Guarantee], [RegistrationLetters], [RegistrationNumbers], [PhoneNumber], [VehicleType], [StairMachine], [Highchairs], [HomeWagon], [OwnedBy]) VALUES (1, 1, N'TC', 93000, 29408564, 3, 0, 0, 11, 7)
INSERT INTO [dbo].[WagonDetails] ([ID], [Guarantee], [RegistrationLetters], [RegistrationNumbers], [PhoneNumber], [VehicleType], [StairMachine], [Highchairs], [HomeWagon], [OwnedBy]) VALUES (2, 2, N'LA', 28981, 91890135, 3, 120, 0, 11, 13)
INSERT INTO [dbo].[WagonDetails] ([ID], [Guarantee], [RegistrationLetters], [RegistrationNumbers], [PhoneNumber], [VehicleType], [StairMachine], [Highchairs], [HomeWagon], [OwnedBy]) VALUES (3, 3, N'JZ', 24167, 43377341, 3, 0, 0, 8, 9)
INSERT INTO [dbo].[WagonDetails] ([ID], [Guarantee], [RegistrationLetters], [RegistrationNumbers], [PhoneNumber], [VehicleType], [StairMachine], [Highchairs], [HomeWagon], [OwnedBy]) VALUES (4, 4, N'GG', 82924, 33558287, 4, 120, 3, 5, 3)
INSERT INTO [dbo].[WagonDetails] ([ID], [Guarantee], [RegistrationLetters], [RegistrationNumbers], [PhoneNumber], [VehicleType], [StairMachine], [Highchairs], [HomeWagon], [OwnedBy]) VALUES (5, 5, N'SL', 35205, 23855888, 0, 0, 3, 9, 9)
INSERT INTO [dbo].[WagonDetails] ([ID], [Guarantee], [RegistrationLetters], [RegistrationNumbers], [PhoneNumber], [VehicleType], [StairMachine], [Highchairs], [HomeWagon], [OwnedBy]) VALUES (6, 6, N'VQ', 92854, 43179595, 4, 120, 3, 9, 10)
INSERT INTO [dbo].[WagonDetails] ([ID], [Guarantee], [RegistrationLetters], [RegistrationNumbers], [PhoneNumber], [VehicleType], [StairMachine], [Highchairs], [HomeWagon], [OwnedBy]) VALUES (7, 7, N'YR', 11892, 57044337, 0, 160, 0, 0, 5)
INSERT INTO [dbo].[WagonDetails] ([ID], [Guarantee], [RegistrationLetters], [RegistrationNumbers], [PhoneNumber], [VehicleType], [StairMachine], [Highchairs], [HomeWagon], [OwnedBy]) VALUES (8, 8, N'BD', 23500, 34635261, 2, 160, 3, 19, 18)
INSERT INTO [dbo].[WagonDetails] ([ID], [Guarantee], [RegistrationLetters], [RegistrationNumbers], [PhoneNumber], [VehicleType], [StairMachine], [Highchairs], [HomeWagon], [OwnedBy]) VALUES (9, 9, N'GP', 62904, 96091907, 1, 0, 0, 6, 12)
INSERT INTO [dbo].[WagonDetails] ([ID], [Guarantee], [RegistrationLetters], [RegistrationNumbers], [PhoneNumber], [VehicleType], [StairMachine], [Highchairs], [HomeWagon], [OwnedBy]) VALUES (10, 10, N'NI', 44786, 21092741, 5, 160, 1, 16, 12)
INSERT INTO [dbo].[WagonDetails] ([ID], [Guarantee], [RegistrationLetters], [RegistrationNumbers], [PhoneNumber], [VehicleType], [StairMachine], [Highchairs], [HomeWagon], [OwnedBy]) VALUES (11, 11, N'RZ', 97354, 77618397, 3, 120, 0, 0, 16)
INSERT INTO [dbo].[WagonDetails] ([ID], [Guarantee], [RegistrationLetters], [RegistrationNumbers], [PhoneNumber], [VehicleType], [StairMachine], [Highchairs], [HomeWagon], [OwnedBy]) VALUES (12, 12, N'LX', 40978, 12848785, 4, 160, 0, 10, 6)
INSERT INTO [dbo].[WagonDetails] ([ID], [Guarantee], [RegistrationLetters], [RegistrationNumbers], [PhoneNumber], [VehicleType], [StairMachine], [Highchairs], [HomeWagon], [OwnedBy]) VALUES (13, 13, N'WG', 29804, 76627270, 1, 0, 1, 13, 16)
INSERT INTO [dbo].[WagonDetails] ([ID], [Guarantee], [RegistrationLetters], [RegistrationNumbers], [PhoneNumber], [VehicleType], [StairMachine], [Highchairs], [HomeWagon], [OwnedBy]) VALUES (14, 14, N'QO', 53236, 26233499, 5, 160, 1, 1, 18)
INSERT INTO [dbo].[WagonDetails] ([ID], [Guarantee], [RegistrationLetters], [RegistrationNumbers], [PhoneNumber], [VehicleType], [StairMachine], [Highchairs], [HomeWagon], [OwnedBy]) VALUES (15, 15, N'YE', 52274, 18481168, 4, 160, 4, 9, 14)
INSERT INTO [dbo].[WagonDetails] ([ID], [Guarantee], [RegistrationLetters], [RegistrationNumbers], [PhoneNumber], [VehicleType], [StairMachine], [Highchairs], [HomeWagon], [OwnedBy]) VALUES (16, 16, N'MW', 33153, 70985909, 0, 160, 4, 19, 0)
INSERT INTO [dbo].[WagonDetails] ([ID], [Guarantee], [RegistrationLetters], [RegistrationNumbers], [PhoneNumber], [VehicleType], [StairMachine], [Highchairs], [HomeWagon], [OwnedBy]) VALUES (17, 17, N'RG', 10946, 66746864, 1, 0, 2, 15, 18)
INSERT INTO [dbo].[WagonDetails] ([ID], [Guarantee], [RegistrationLetters], [RegistrationNumbers], [PhoneNumber], [VehicleType], [StairMachine], [Highchairs], [HomeWagon], [OwnedBy]) VALUES (18, 18, N'DF', 81902, 84339283, 5, 0, 4, 7, 4)
INSERT INTO [dbo].[WagonDetails] ([ID], [Guarantee], [RegistrationLetters], [RegistrationNumbers], [PhoneNumber], [VehicleType], [StairMachine], [Highchairs], [HomeWagon], [OwnedBy]) VALUES (19, 19, N'ML', 96472, 41320755, 4, 120, 2, 19, 17)
SET IDENTITY_INSERT [dbo].[WagonDetails] OFF
GO

SET IDENTITY_INSERT [dbo].[PricePlan] ON
INSERT INTO [dbo].[PricePlan] ([ID], [SetUpFee], [HourlyRate], [HourlyDdownTime]) VALUES (0, CAST(1027.55 AS Decimal(6, 2)), CAST(6251.80 AS Decimal(6, 2)), CAST(1476.06 AS Decimal(6, 2)))
INSERT INTO [dbo].[PricePlan] ([ID], [SetUpFee], [HourlyRate], [HourlyDdownTime]) VALUES (1, CAST(9534.01 AS Decimal(6, 2)), CAST(2468.20 AS Decimal(6, 2)), CAST(5402.38 AS Decimal(6, 2)))
INSERT INTO [dbo].[PricePlan] ([ID], [SetUpFee], [HourlyRate], [HourlyDdownTime]) VALUES (2, CAST(5218.19 AS Decimal(6, 2)), CAST(2208.07 AS Decimal(6, 2)), CAST(9197.95 AS Decimal(6, 2)))
INSERT INTO [dbo].[PricePlan] ([ID], [SetUpFee], [HourlyRate], [HourlyDdownTime]) VALUES (3, CAST(338.47 AS Decimal(6, 2)), CAST(2472.90 AS Decimal(6, 2)), CAST(4607.33 AS Decimal(6, 2)))
INSERT INTO [dbo].[PricePlan] ([ID], [SetUpFee], [HourlyRate], [HourlyDdownTime]) VALUES (4, CAST(9431.08 AS Decimal(6, 2)), CAST(3945.94 AS Decimal(6, 2)), CAST(8460.80 AS Decimal(6, 2)))
INSERT INTO [dbo].[PricePlan] ([ID], [SetUpFee], [HourlyRate], [HourlyDdownTime]) VALUES (5, CAST(9181.98 AS Decimal(6, 2)), CAST(7920.96 AS Decimal(6, 2)), CAST(6659.94 AS Decimal(6, 2)))
INSERT INTO [dbo].[PricePlan] ([ID], [SetUpFee], [HourlyRate], [HourlyDdownTime]) VALUES (6, CAST(5943.17 AS Decimal(6, 2)), CAST(423.73 AS Decimal(6, 2)), CAST(4904.30 AS Decimal(6, 2)))
INSERT INTO [dbo].[PricePlan] ([ID], [SetUpFee], [HourlyRate], [HourlyDdownTime]) VALUES (7, CAST(8431.76 AS Decimal(6, 2)), CAST(3448.60 AS Decimal(6, 2)), CAST(8465.45 AS Decimal(6, 2)))
INSERT INTO [dbo].[PricePlan] ([ID], [SetUpFee], [HourlyRate], [HourlyDdownTime]) VALUES (8, CAST(8448.71 AS Decimal(6, 2)), CAST(9685.88 AS Decimal(6, 2)), CAST(923.04 AS Decimal(6, 2)))
INSERT INTO [dbo].[PricePlan] ([ID], [SetUpFee], [HourlyRate], [HourlyDdownTime]) VALUES (9, CAST(469.51 AS Decimal(6, 2)), CAST(4157.02 AS Decimal(6, 2)), CAST(7844.53 AS Decimal(6, 2)))
INSERT INTO [dbo].[PricePlan] ([ID], [SetUpFee], [HourlyRate], [HourlyDdownTime]) VALUES (10, CAST(6768.79 AS Decimal(6, 2)), CAST(4136.09 AS Decimal(6, 2)), CAST(1503.40 AS Decimal(6, 2)))
INSERT INTO [dbo].[PricePlan] ([ID], [SetUpFee], [HourlyRate], [HourlyDdownTime]) VALUES (11, CAST(543.96 AS Decimal(6, 2)), CAST(8351.11 AS Decimal(6, 2)), CAST(6158.25 AS Decimal(6, 2)))
INSERT INTO [dbo].[PricePlan] ([ID], [SetUpFee], [HourlyRate], [HourlyDdownTime]) VALUES (12, CAST(1196.47 AS Decimal(6, 2)), CAST(8070.98 AS Decimal(6, 2)), CAST(4945.49 AS Decimal(6, 2)))
INSERT INTO [dbo].[PricePlan] ([ID], [SetUpFee], [HourlyRate], [HourlyDdownTime]) VALUES (13, CAST(9553.50 AS Decimal(6, 2)), CAST(4756.05 AS Decimal(6, 2)), CAST(9958.60 AS Decimal(6, 2)))
INSERT INTO [dbo].[PricePlan] ([ID], [SetUpFee], [HourlyRate], [HourlyDdownTime]) VALUES (14, CAST(7668.85 AS Decimal(6, 2)), CAST(4668.56 AS Decimal(6, 2)), CAST(1668.28 AS Decimal(6, 2)))
INSERT INTO [dbo].[PricePlan] ([ID], [SetUpFee], [HourlyRate], [HourlyDdownTime]) VALUES (15, CAST(6924.79 AS Decimal(6, 2)), CAST(3170.00 AS Decimal(6, 2)), CAST(9415.20 AS Decimal(6, 2)))
INSERT INTO [dbo].[PricePlan] ([ID], [SetUpFee], [HourlyRate], [HourlyDdownTime]) VALUES (16, CAST(734.80 AS Decimal(6, 2)), CAST(4938.39 AS Decimal(6, 2)), CAST(9141.98 AS Decimal(6, 2)))
INSERT INTO [dbo].[PricePlan] ([ID], [SetUpFee], [HourlyRate], [HourlyDdownTime]) VALUES (17, CAST(1325.90 AS Decimal(6, 2)), CAST(7525.89 AS Decimal(6, 2)), CAST(3725.88 AS Decimal(6, 2)))
INSERT INTO [dbo].[PricePlan] ([ID], [SetUpFee], [HourlyRate], [HourlyDdownTime]) VALUES (18, CAST(5845.54 AS Decimal(6, 2)), CAST(6116.24 AS Decimal(6, 2)), CAST(6386.94 AS Decimal(6, 2)))
INSERT INTO [dbo].[PricePlan] ([ID], [SetUpFee], [HourlyRate], [HourlyDdownTime]) VALUES (19, CAST(6929.95 AS Decimal(6, 2)), CAST(801.99 AS Decimal(6, 2)), CAST(4674.04 AS Decimal(6, 2)))
INSERT INTO [dbo].[PricePlan] ([ID], [SetUpFee], [HourlyRate], [HourlyDdownTime]) VALUES (20, CAST(1875.03 AS Decimal(6, 2)), CAST(3203.73 AS Decimal(6, 2)), CAST(4532.44 AS Decimal(6, 2)))
INSERT INTO [dbo].[PricePlan] ([ID], [SetUpFee], [HourlyRate], [HourlyDdownTime]) VALUES (21, CAST(9925.01 AS Decimal(6, 2)), CAST(2378.38 AS Decimal(6, 2)), CAST(4831.75 AS Decimal(6, 2)))
INSERT INTO [dbo].[PricePlan] ([ID], [SetUpFee], [HourlyRate], [HourlyDdownTime]) VALUES (22, CAST(4054.29 AS Decimal(6, 2)), CAST(5744.34 AS Decimal(6, 2)), CAST(7434.39 AS Decimal(6, 2)))
INSERT INTO [dbo].[PricePlan] ([ID], [SetUpFee], [HourlyRate], [HourlyDdownTime]) VALUES (23, CAST(3026.92 AS Decimal(6, 2)), CAST(6520.38 AS Decimal(6, 2)), CAST(13.84 AS Decimal(6, 2)))
INSERT INTO [dbo].[PricePlan] ([ID], [SetUpFee], [HourlyRate], [HourlyDdownTime]) VALUES (24, CAST(2293.50 AS Decimal(6, 2)), CAST(3273.55 AS Decimal(6, 2)), CAST(4253.61 AS Decimal(6, 2)))
INSERT INTO [dbo].[PricePlan] ([ID], [SetUpFee], [HourlyRate], [HourlyDdownTime]) VALUES (25, CAST(6470.78 AS Decimal(6, 2)), CAST(2902.61 AS Decimal(6, 2)), CAST(9334.44 AS Decimal(6, 2)))
INSERT INTO [dbo].[PricePlan] ([ID], [SetUpFee], [HourlyRate], [HourlyDdownTime]) VALUES (26, CAST(3910.75 AS Decimal(6, 2)), CAST(2508.40 AS Decimal(6, 2)), CAST(1106.05 AS Decimal(6, 2)))
INSERT INTO [dbo].[PricePlan] ([ID], [SetUpFee], [HourlyRate], [HourlyDdownTime]) VALUES (27, CAST(2214.31 AS Decimal(6, 2)), CAST(8410.39 AS Decimal(6, 2)), CAST(4606.47 AS Decimal(6, 2)))
INSERT INTO [dbo].[PricePlan] ([ID], [SetUpFee], [HourlyRate], [HourlyDdownTime]) VALUES (28, CAST(1914.60 AS Decimal(6, 2)), CAST(4676.73 AS Decimal(6, 2)), CAST(7438.86 AS Decimal(6, 2)))
INSERT INTO [dbo].[PricePlan] ([ID], [SetUpFee], [HourlyRate], [HourlyDdownTime]) VALUES (29, CAST(6393.53 AS Decimal(6, 2)), CAST(4447.12 AS Decimal(6, 2)), CAST(2500.72 AS Decimal(6, 2)))
INSERT INTO [dbo].[PricePlan] ([ID], [SetUpFee], [HourlyRate], [HourlyDdownTime]) VALUES (30, CAST(7083.32 AS Decimal(6, 2)), CAST(775.09 AS Decimal(6, 2)), CAST(4466.87 AS Decimal(6, 2)))
INSERT INTO [dbo].[PricePlan] ([ID], [SetUpFee], [HourlyRate], [HourlyDdownTime]) VALUES (31, CAST(6310.77 AS Decimal(6, 2)), CAST(8944.84 AS Decimal(6, 2)), CAST(1578.91 AS Decimal(6, 2)))
INSERT INTO [dbo].[PricePlan] ([ID], [SetUpFee], [HourlyRate], [HourlyDdownTime]) VALUES (32, CAST(7990.62 AS Decimal(6, 2)), CAST(2011.86 AS Decimal(6, 2)), CAST(6033.10 AS Decimal(6, 2)))
INSERT INTO [dbo].[PricePlan] ([ID], [SetUpFee], [HourlyRate], [HourlyDdownTime]) VALUES (33, CAST(7028.88 AS Decimal(6, 2)), CAST(7279.58 AS Decimal(6, 2)), CAST(7530.29 AS Decimal(6, 2)))
INSERT INTO [dbo].[PricePlan] ([ID], [SetUpFee], [HourlyRate], [HourlyDdownTime]) VALUES (34, CAST(2275.18 AS Decimal(6, 2)), CAST(5766.96 AS Decimal(6, 2)), CAST(9258.75 AS Decimal(6, 2)))
INSERT INTO [dbo].[PricePlan] ([ID], [SetUpFee], [HourlyRate], [HourlyDdownTime]) VALUES (35, CAST(3188.17 AS Decimal(6, 2)), CAST(3621.55 AS Decimal(6, 2)), CAST(4054.93 AS Decimal(6, 2)))
INSERT INTO [dbo].[PricePlan] ([ID], [SetUpFee], [HourlyRate], [HourlyDdownTime]) VALUES (36, CAST(7775.01 AS Decimal(6, 2)), CAST(6058.50 AS Decimal(6, 2)), CAST(4342.00 AS Decimal(6, 2)))
INSERT INTO [dbo].[PricePlan] ([ID], [SetUpFee], [HourlyRate], [HourlyDdownTime]) VALUES (37, CAST(4816.61 AS Decimal(6, 2)), CAST(1631.60 AS Decimal(6, 2)), CAST(8446.59 AS Decimal(6, 2)))
INSERT INTO [dbo].[PricePlan] ([ID], [SetUpFee], [HourlyRate], [HourlyDdownTime]) VALUES (38, CAST(9622.12 AS Decimal(6, 2)), CAST(1334.64 AS Decimal(6, 2)), CAST(3047.16 AS Decimal(6, 2)))
INSERT INTO [dbo].[PricePlan] ([ID], [SetUpFee], [HourlyRate], [HourlyDdownTime]) VALUES (39, CAST(2466.68 AS Decimal(6, 2)), CAST(8144.71 AS Decimal(6, 2)), CAST(3822.74 AS Decimal(6, 2)))
INSERT INTO [dbo].[PricePlan] ([ID], [SetUpFee], [HourlyRate], [HourlyDdownTime]) VALUES (40, CAST(7554.18 AS Decimal(6, 2)), CAST(5231.14 AS Decimal(6, 2)), CAST(2908.10 AS Decimal(6, 2)))
INSERT INTO [dbo].[PricePlan] ([ID], [SetUpFee], [HourlyRate], [HourlyDdownTime]) VALUES (41, CAST(9602.35 AS Decimal(6, 2)), CAST(2380.59 AS Decimal(6, 2)), CAST(5158.82 AS Decimal(6, 2)))
INSERT INTO [dbo].[PricePlan] ([ID], [SetUpFee], [HourlyRate], [HourlyDdownTime]) VALUES (42, CAST(2039.82 AS Decimal(6, 2)), CAST(7761.28 AS Decimal(6, 2)), CAST(3482.75 AS Decimal(6, 2)))
INSERT INTO [dbo].[PricePlan] ([ID], [SetUpFee], [HourlyRate], [HourlyDdownTime]) VALUES (43, CAST(9063.62 AS Decimal(6, 2)), CAST(195.26 AS Decimal(6, 2)), CAST(1326.90 AS Decimal(6, 2)))
INSERT INTO [dbo].[PricePlan] ([ID], [SetUpFee], [HourlyRate], [HourlyDdownTime]) VALUES (44, CAST(9928.98 AS Decimal(6, 2)), CAST(5201.34 AS Decimal(6, 2)), CAST(473.70 AS Decimal(6, 2)))
INSERT INTO [dbo].[PricePlan] ([ID], [SetUpFee], [HourlyRate], [HourlyDdownTime]) VALUES (45, CAST(7765.84 AS Decimal(6, 2)), CAST(6572.24 AS Decimal(6, 2)), CAST(5378.64 AS Decimal(6, 2)))
INSERT INTO [dbo].[PricePlan] ([ID], [SetUpFee], [HourlyRate], [HourlyDdownTime]) VALUES (46, CAST(2239.67 AS Decimal(6, 2)), CAST(5641.88 AS Decimal(6, 2)), CAST(9044.10 AS Decimal(6, 2)))
INSERT INTO [dbo].[PricePlan] ([ID], [SetUpFee], [HourlyRate], [HourlyDdownTime]) VALUES (47, CAST(6403.79 AS Decimal(6, 2)), CAST(6560.45 AS Decimal(6, 2)), CAST(6717.11 AS Decimal(6, 2)))
INSERT INTO [dbo].[PricePlan] ([ID], [SetUpFee], [HourlyRate], [HourlyDdownTime]) VALUES (48, CAST(3979.51 AS Decimal(6, 2)), CAST(4956.45 AS Decimal(6, 2)), CAST(5933.39 AS Decimal(6, 2)))
INSERT INTO [dbo].[PricePlan] ([ID], [SetUpFee], [HourlyRate], [HourlyDdownTime]) VALUES (49, CAST(7192.27 AS Decimal(6, 2)), CAST(8513.97 AS Decimal(6, 2)), CAST(9835.66 AS Decimal(6, 2)))
INSERT INTO [dbo].[PricePlan] ([ID], [SetUpFee], [HourlyRate], [HourlyDdownTime]) VALUES (50, CAST(3969.38 AS Decimal(6, 2)), CAST(5131.17 AS Decimal(6, 2)), CAST(6292.97 AS Decimal(6, 2)))
INSERT INTO [dbo].[PricePlan] ([ID], [SetUpFee], [HourlyRate], [HourlyDdownTime]) VALUES (51, CAST(2384.87 AS Decimal(6, 2)), CAST(6891.87 AS Decimal(6, 2)), CAST(1398.88 AS Decimal(6, 2)))
INSERT INTO [dbo].[PricePlan] ([ID], [SetUpFee], [HourlyRate], [HourlyDdownTime]) VALUES (52, CAST(1454.24 AS Decimal(6, 2)), CAST(8721.82 AS Decimal(6, 2)), CAST(5989.40 AS Decimal(6, 2)))
INSERT INTO [dbo].[PricePlan] ([ID], [SetUpFee], [HourlyRate], [HourlyDdownTime]) VALUES (53, CAST(1571.26 AS Decimal(6, 2)), CAST(3608.53 AS Decimal(6, 2)), CAST(5645.80 AS Decimal(6, 2)))
INSERT INTO [dbo].[PricePlan] ([ID], [SetUpFee], [HourlyRate], [HourlyDdownTime]) VALUES (54, CAST(5358.42 AS Decimal(6, 2)), CAST(7360.72 AS Decimal(6, 2)), CAST(9363.02 AS Decimal(6, 2)))
INSERT INTO [dbo].[PricePlan] ([ID], [SetUpFee], [HourlyRate], [HourlyDdownTime]) VALUES (55, CAST(1102.53 AS Decimal(6, 2)), CAST(3873.42 AS Decimal(6, 2)), CAST(6644.31 AS Decimal(6, 2)))
INSERT INTO [dbo].[PricePlan] ([ID], [SetUpFee], [HourlyRate], [HourlyDdownTime]) VALUES (56, CAST(5479.72 AS Decimal(6, 2)), CAST(6723.85 AS Decimal(6, 2)), CAST(7967.99 AS Decimal(6, 2)))
INSERT INTO [dbo].[PricePlan] ([ID], [SetUpFee], [HourlyRate], [HourlyDdownTime]) VALUES (57, CAST(2191.26 AS Decimal(6, 2)), CAST(5687.68 AS Decimal(6, 2)), CAST(9184.11 AS Decimal(6, 2)))
INSERT INTO [dbo].[PricePlan] ([ID], [SetUpFee], [HourlyRate], [HourlyDdownTime]) VALUES (58, CAST(8044.97 AS Decimal(6, 2)), CAST(9199.34 AS Decimal(6, 2)), CAST(353.72 AS Decimal(6, 2)))
INSERT INTO [dbo].[PricePlan] ([ID], [SetUpFee], [HourlyRate], [HourlyDdownTime]) VALUES (59, CAST(2960.30 AS Decimal(6, 2)), CAST(1043.33 AS Decimal(6, 2)), CAST(9126.36 AS Decimal(6, 2)))
SET IDENTITY_INSERT [dbo].[PricePlan] OFF
GO

SET IDENTITY_INSERT [dbo].[Price] ON
INSERT INTO [dbo].[Price] ([ID], [Weekdays], [WeekdaysEvening], [WeekendersHelligdage], [StairMachine]) VALUES (0, 43, 43, 43, CAST(7065.09 AS Decimal(6, 2)))
INSERT INTO [dbo].[Price] ([ID], [Weekdays], [WeekdaysEvening], [WeekendersHelligdage], [StairMachine]) VALUES (1, 49, 49, 49, CAST(3729.93 AS Decimal(6, 2)))
INSERT INTO [dbo].[Price] ([ID], [Weekdays], [WeekdaysEvening], [WeekendersHelligdage], [StairMachine]) VALUES (2, 46, 46, 46, CAST(8550.81 AS Decimal(6, 2)))
INSERT INTO [dbo].[Price] ([ID], [Weekdays], [WeekdaysEvening], [WeekendersHelligdage], [StairMachine]) VALUES (3, 33, 33, 33, CAST(1086.15 AS Decimal(6, 2)))
INSERT INTO [dbo].[Price] ([ID], [Weekdays], [WeekdaysEvening], [WeekendersHelligdage], [StairMachine]) VALUES (4, 12, 12, 12, CAST(9761.68 AS Decimal(6, 2)))
INSERT INTO [dbo].[Price] ([ID], [Weekdays], [WeekdaysEvening], [WeekendersHelligdage], [StairMachine]) VALUES (5, 33, 33, 33, CAST(6685.38 AS Decimal(6, 2)))
INSERT INTO [dbo].[Price] ([ID], [Weekdays], [WeekdaysEvening], [WeekendersHelligdage], [StairMachine]) VALUES (6, 54, 54, 54, CAST(1284.28 AS Decimal(6, 2)))
INSERT INTO [dbo].[Price] ([ID], [Weekdays], [WeekdaysEvening], [WeekendersHelligdage], [StairMachine]) VALUES (7, 26, 26, 26, CAST(6234.00 AS Decimal(6, 2)))
INSERT INTO [dbo].[Price] ([ID], [Weekdays], [WeekdaysEvening], [WeekendersHelligdage], [StairMachine]) VALUES (8, 58, 58, 58, CAST(5301.20 AS Decimal(6, 2)))
INSERT INTO [dbo].[Price] ([ID], [Weekdays], [WeekdaysEvening], [WeekendersHelligdage], [StairMachine]) VALUES (9, 16, 16, 16, CAST(5520.80 AS Decimal(6, 2)))
INSERT INTO [dbo].[Price] ([ID], [Weekdays], [WeekdaysEvening], [WeekendersHelligdage], [StairMachine]) VALUES (10, 17, 17, 17, CAST(4750.10 AS Decimal(6, 2)))
INSERT INTO [dbo].[Price] ([ID], [Weekdays], [WeekdaysEvening], [WeekendersHelligdage], [StairMachine]) VALUES (11, 28, 28, 28, CAST(9449.48 AS Decimal(6, 2)))
INSERT INTO [dbo].[Price] ([ID], [Weekdays], [WeekdaysEvening], [WeekendersHelligdage], [StairMachine]) VALUES (12, 37, 37, 37, CAST(2321.16 AS Decimal(6, 2)))
INSERT INTO [dbo].[Price] ([ID], [Weekdays], [WeekdaysEvening], [WeekendersHelligdage], [StairMachine]) VALUES (13, 28, 28, 28, CAST(7747.20 AS Decimal(6, 2)))
INSERT INTO [dbo].[Price] ([ID], [Weekdays], [WeekdaysEvening], [WeekendersHelligdage], [StairMachine]) VALUES (14, 58, 58, 58, CAST(956.10 AS Decimal(6, 2)))
INSERT INTO [dbo].[Price] ([ID], [Weekdays], [WeekdaysEvening], [WeekendersHelligdage], [StairMachine]) VALUES (15, 1, 1, 1, CAST(566.43 AS Decimal(6, 2)))
INSERT INTO [dbo].[Price] ([ID], [Weekdays], [WeekdaysEvening], [WeekendersHelligdage], [StairMachine]) VALUES (16, 51, 51, 51, CAST(8868.69 AS Decimal(6, 2)))
INSERT INTO [dbo].[Price] ([ID], [Weekdays], [WeekdaysEvening], [WeekendersHelligdage], [StairMachine]) VALUES (17, 59, 59, 59, CAST(1132.77 AS Decimal(6, 2)))
INSERT INTO [dbo].[Price] ([ID], [Weekdays], [WeekdaysEvening], [WeekendersHelligdage], [StairMachine]) VALUES (18, 40, 40, 40, CAST(9456.89 AS Decimal(6, 2)))
INSERT INTO [dbo].[Price] ([ID], [Weekdays], [WeekdaysEvening], [WeekendersHelligdage], [StairMachine]) VALUES (19, 18, 18, 18, CAST(3568.10 AS Decimal(6, 2)))
SET IDENTITY_INSERT [dbo].[Price] OFF
GO

SET IDENTITY_INSERT [dbo].[BasicInformation] ON
INSERT INTO [dbo].[BasicInformation] ([ID], [Name], [CVR], [NameSecondary], [OwnedBy]) VALUES (0, N'Stefanie476', 796527, N'Leroy8', 1)
INSERT INTO [dbo].[BasicInformation] ([ID], [Name], [CVR], [NameSecondary], [OwnedBy]) VALUES (1, N'Dennis91', 470366, N'Leanne1', 7)
INSERT INTO [dbo].[BasicInformation] ([ID], [Name], [CVR], [NameSecondary], [OwnedBy]) VALUES (2, N'Herman239', 258665, N'Sherry', 4)
INSERT INTO [dbo].[BasicInformation] ([ID], [Name], [CVR], [NameSecondary], [OwnedBy]) VALUES (3, N'Jeannie2', 986708, N'Jordan58', 16)
INSERT INTO [dbo].[BasicInformation] ([ID], [Name], [CVR], [NameSecondary], [OwnedBy]) VALUES (4, N'Lesley7', 208004, N'Bennie091', 19)
INSERT INTO [dbo].[BasicInformation] ([ID], [Name], [CVR], [NameSecondary], [OwnedBy]) VALUES (5, N'Tasha137', 383715, N'Casey', 15)
INSERT INTO [dbo].[BasicInformation] ([ID], [Name], [CVR], [NameSecondary], [OwnedBy]) VALUES (6, N'Lisa', 824124, N'Brendan540', 10)
INSERT INTO [dbo].[BasicInformation] ([ID], [Name], [CVR], [NameSecondary], [OwnedBy]) VALUES (7, N'Nicolas', 507152, N'Erika55', 17)
INSERT INTO [dbo].[BasicInformation] ([ID], [Name], [CVR], [NameSecondary], [OwnedBy]) VALUES (8, N'Kara7', 311096, N'Caleb22', 18)
INSERT INTO [dbo].[BasicInformation] ([ID], [Name], [CVR], [NameSecondary], [OwnedBy]) VALUES (9, N'Lindsay988', 121072, N'Megan685', 3)
INSERT INTO [dbo].[BasicInformation] ([ID], [Name], [CVR], [NameSecondary], [OwnedBy]) VALUES (10, N'Charlene5', 791437, N'Kirk', 2)
INSERT INTO [dbo].[BasicInformation] ([ID], [Name], [CVR], [NameSecondary], [OwnedBy]) VALUES (11, N'Stephan', 136660, N'Clifford', 5)
INSERT INTO [dbo].[BasicInformation] ([ID], [Name], [CVR], [NameSecondary], [OwnedBy]) VALUES (12, N'Earnest46', 117832, N'Shauna', 6)
INSERT INTO [dbo].[BasicInformation] ([ID], [Name], [CVR], [NameSecondary], [OwnedBy]) VALUES (13, N'Carla23', 564464, N'Anne43', 8)
INSERT INTO [dbo].[BasicInformation] ([ID], [Name], [CVR], [NameSecondary], [OwnedBy]) VALUES (14, N'Kirsten363', 450751, N'Rudy67', 0)
INSERT INTO [dbo].[BasicInformation] ([ID], [Name], [CVR], [NameSecondary], [OwnedBy]) VALUES (15, N'Jose', 359474, N'Yvette', 14)
INSERT INTO [dbo].[BasicInformation] ([ID], [Name], [CVR], [NameSecondary], [OwnedBy]) VALUES (16, N'Meredith', 736078, N'Darren', 13)
INSERT INTO [dbo].[BasicInformation] ([ID], [Name], [CVR], [NameSecondary], [OwnedBy]) VALUES (17, N'Sherri0', 320307, N'Anita721', 9)
INSERT INTO [dbo].[BasicInformation] ([ID], [Name], [CVR], [NameSecondary], [OwnedBy]) VALUES (18, N'Phillip035', 761175, N'Bryant5', 12)
INSERT INTO [dbo].[BasicInformation] ([ID], [Name], [CVR], [NameSecondary], [OwnedBy]) VALUES (19, N'Allen', 190223, N'Darrin236', 11)
SET IDENTITY_INSERT [dbo].[BasicInformation] OFF
GO

SET IDENTITY_INSERT [dbo].[Offersform_SingleVehicle] ON
INSERT INTO [dbo].[Offersform_SingleVehicle] ([ID], [BasicInformation], [WagonDetails], [Price], [AdditionalInformation], [OwnedBy]) VALUES (0, 15, 14, 14, N'manifestum essit. Et quoque in et novum volcans non non pars e regit, quo novum quoque et quad Sed quo', 1)
INSERT INTO [dbo].[Offersform_SingleVehicle] ([ID], [BasicInformation], [WagonDetails], [Price], [AdditionalInformation], [OwnedBy]) VALUES (1, 3, 16, 16, N'regit, gravum in plurissimum Longam, fecit, vobis eggredior. cognitio, manifestum si bono quo, quad travissimantor plurissimum Et plurissimum', 7)
INSERT INTO [dbo].[Offersform_SingleVehicle] ([ID], [BasicInformation], [WagonDetails], [Price], [AdditionalInformation], [OwnedBy]) VALUES (2, 5, 15, 15, N'e et plorum glavans gravis gravis quo, plurissimum plorum Pro habitatio pars quorum vobis apparens manifestum', 13)
INSERT INTO [dbo].[Offersform_SingleVehicle] ([ID], [BasicInformation], [WagonDetails], [Price], [AdditionalInformation], [OwnedBy]) VALUES (3, 19, 11, 11, N'delerium. apparens plorum quad vantis. quad linguens non plorum Versus manifestum delerium. glavans homo,', 9)
INSERT INTO [dbo].[Offersform_SingleVehicle] ([ID], [BasicInformation], [WagonDetails], [Price], [AdditionalInformation], [OwnedBy]) VALUES (4, 2, 4, 4, N'in estis nomen Et linguens quo fecundio, Quad volcans plorum non linguens Pro gravis travissimantor fecundio, fecit.', 3)
INSERT INTO [dbo].[Offersform_SingleVehicle] ([ID], [BasicInformation], [WagonDetails], [Price], [AdditionalInformation], [OwnedBy]) VALUES (5, 19, 11, 11, N'quorum delerium. ut transit. vobis travissimantor parte delerium. quartu nomen travissimantor non fecit. e', 9)
INSERT INTO [dbo].[Offersform_SingleVehicle] ([ID], [BasicInformation], [WagonDetails], [Price], [AdditionalInformation], [OwnedBy]) VALUES (6, 8, 18, 18, N'Longam, plurissimum quad et bono imaginator cognitio, in et quo pars estis glavans non pars homo, habitatio', 10)
INSERT INTO [dbo].[Offersform_SingleVehicle] ([ID], [BasicInformation], [WagonDetails], [Price], [AdditionalInformation], [OwnedBy]) VALUES (7, 13, 8, 8, N'dolorum Tam venit. estis quo venit. estis ut brevens, rarendum vantis. cognitio, estis ut quo, trepicandor', 5)
INSERT INTO [dbo].[Offersform_SingleVehicle] ([ID], [BasicInformation], [WagonDetails], [Price], [AdditionalInformation], [OwnedBy]) VALUES (8, 4, 19, 19, N'egreddior funem. regit, nomen venit. linguens et quantare ut Versus sed homo, quoque Pro quoque esset', 18)
INSERT INTO [dbo].[Offersform_SingleVehicle] ([ID], [BasicInformation], [WagonDetails], [Price], [AdditionalInformation], [OwnedBy]) VALUES (9, 11, 5, 5, N'estis fecit. Id quad gravum quantare cognitio, vantis. vantis. quad et delerium. Pro plurissimum travissimantor brevens,', 12)
INSERT INTO [dbo].[Offersform_SingleVehicle] ([ID], [BasicInformation], [WagonDetails], [Price], [AdditionalInformation], [OwnedBy]) VALUES (10, 11, 5, 5, N'esset novum pars vobis e parte Tam Multum estum. pladior quad et gravis dolorum quo fecit. vobis e trepicandor', 12)
INSERT INTO [dbo].[Offersform_SingleVehicle] ([ID], [BasicInformation], [WagonDetails], [Price], [AdditionalInformation], [OwnedBy]) VALUES (11, 17, 9, 9, N'si gravum quis Multum non Multum homo, Et eggredior. parte eudis delerium. quantare gravis volcans pladior non fecit, Id regit,', 16)
INSERT INTO [dbo].[Offersform_SingleVehicle] ([ID], [BasicInformation], [WagonDetails], [Price], [AdditionalInformation], [OwnedBy]) VALUES (12, 18, 12, 12, N'Pro plorum Multum et brevens, cognitio, Longam, plorum quartu Longam, quo in regit, fecit. quantare cognitio,', 6)
INSERT INTO [dbo].[Offersform_SingleVehicle] ([ID], [BasicInformation], [WagonDetails], [Price], [AdditionalInformation], [OwnedBy]) VALUES (13, 17, 9, 9, N'bono non et e et transit. estum. esset estis regit, estum. Multum et trepicandor non nomen dolorum vobis', 16)
INSERT INTO [dbo].[Offersform_SingleVehicle] ([ID], [BasicInformation], [WagonDetails], [Price], [AdditionalInformation], [OwnedBy]) VALUES (14, 4, 19, 19, N'gravis Quad funem. homo, cognitio, imaginator nomen vobis linguens quartu cognitio, Multum in funem.', 18)
INSERT INTO [dbo].[Offersform_SingleVehicle] ([ID], [BasicInformation], [WagonDetails], [Price], [AdditionalInformation], [OwnedBy]) VALUES (15, 14, 0, 0, N'plorum Id essit. delerium. eggredior. plorum Id linguens sed venit. fecundio, gravum et pladior eudis', 14)
INSERT INTO [dbo].[Offersform_SingleVehicle] ([ID], [BasicInformation], [WagonDetails], [Price], [AdditionalInformation], [OwnedBy]) VALUES (16, 7, 17, 17, N'gravis et e novum plurissimum trepicandor et travissimantor et gravis quartu sed essit. et funem. in', 0)
INSERT INTO [dbo].[Offersform_SingleVehicle] ([ID], [BasicInformation], [WagonDetails], [Price], [AdditionalInformation], [OwnedBy]) VALUES (17, 4, 19, 19, N'et venit. brevens, venit. imaginator linguens in e fecundio, Multum quartu quad novum quoque plorum quo', 18)
INSERT INTO [dbo].[Offersform_SingleVehicle] ([ID], [BasicInformation], [WagonDetails], [Price], [AdditionalInformation], [OwnedBy]) VALUES (18, 16, 13, 13, N'pars si pladior non dolorum quis apparens vantis. non sed brevens, et eudis regit, volcans travissimantor Versus fecit, quoque parte ut', 4)
INSERT INTO [dbo].[Offersform_SingleVehicle] ([ID], [BasicInformation], [WagonDetails], [Price], [AdditionalInformation], [OwnedBy]) VALUES (19, 12, 6, 6, N'pars quis fecit, pars non travissimantor rarendum gravis habitatio e Et vobis et Versus non plorum Sed pars e venit. essit. quo', 17)
SET IDENTITY_INSERT [dbo].[Offersform_SingleVehicle] OFF
GO